id,ident,name,type,scheduled_service,municipality,state_name,iso_region,latitude_deg,longitude_deg,elevation_ft,gps_code,local_code
26555,VIDP,Indira Gandhi International Airport,large_airport,yes,New Delhi,Delhi,IN-DL,28.55563,77.09519,777.0,VIDP,
26444,VOGO,Dabolim Airport,large_airport,yes,Vasco Da Gama,Goa,IN-GA,15.3808,73.831398,150.0,VOGO,
342094,VOGA,Manohar International Airport,large_airport,yes,Mopa,Goa,IN-GA,15.744257,73.860625,552.0,VOGA,
512065,VAHS,Rajkot International Airport,large_airport,no,Rajkot,Gujarat,IN-GJ,22.378824,71.039391,647.0,VAHS,
26434,VABB,Chhatrapati Shivaji International Airport,large_airport,yes,Mumbai,IN-MM,IN-MM,19.08869934,72.86789703,39.0,VABB,
342093,IN-0276,Navi Mumbai International Airport,large_airport,yes,Navi Mumbai,IN-MM,IN-MM,18.984597,73.065253,184.0,,
35141,VOHS,Rajiv Gandhi International Airport,large_airport,yes,Hyderabad,IN-TG,IN-TG,17.231318,78.429855,2024.0,VOHS,
35145,VOBL,Kempegowda International Airport,large_airport,yes,Bangalore,Karnataka,IN-KA,13.1979,77.706299,3000.0,VOBL,
26609,VOCI,Cochin International Airport,large_airport,yes,Kochi,Kerala,IN-KL,10.151047,76.400838,30.0,VOCI,
26629,VOTV,Thiruvananthapuram International Airport,large_airport,yes,Thiruvananthapuram,Kerala,IN-KL,8.48212,76.920097,15.0,VOTV,
26618,VOMM,Chennai International Airport,large_airport,yes,Chennai,Tamil Nadu,IN-TN,12.990005,80.169296,52.0,VOMM,
26496,VECC,Netaji Subhash Chandra Bose International Airport,large_airport,yes,Kolkata,West Bengal,IN-WB,22.654699,88.446701,16.0,VECC,
3343,VO94,Campbell Bay Airport / INS Baaz,medium_airport,no,Campbell Bay,Andaman and Nicobar Islands,IN-AN,7.01304,93.922798,16.0,VOBX,
26612,VOCX,Car Nicobar Air Force Base,medium_airport,no,Iaf Camp,Andaman and Nicobar Islands,IN-AN,9.153056,92.819273,5.0,VOCX,
26620,VOPB,Veer Savarkar International Airport / INS Utkrosh,medium_airport,yes,Port Blair,Andaman and Nicobar Islands,IN-AN,11.641208,92.729643,13.0,VOPB,
26611,VOCP,Kadapa Airport,medium_airport,yes,Kadapa,Andhra Pradesh,IN-AP,14.513154,78.769183,430.0,VOCP,
340146,VOKU,Kurnool Airport,medium_airport,yes,Orvakal,Andhra Pradesh,IN-AP,15.716288,78.16923,920.0,VOKU,KJB
26623,VORY,Rajahmundry Airport,medium_airport,yes,Madhurapudi,Andhra Pradesh,IN-AP,17.105799,81.813204,151.0,VORY,
26622,VOPN,Sri Sathya Sai Airport,medium_airport,no,Puttaparthi,Andhra Pradesh,IN-AP,14.14929962,77.79109955,1558.0,VOPN,
26606,VOBZ,Vijayawada Airport,medium_airport,yes,Gannavaram,Andhra Pradesh,IN-AP,16.530399,80.796799,82.0,VOBZ,
26523,VEVZ,Visakhapatnam Airport,medium_airport,yes,Visakhapatnam,Andhra Pradesh,IN-AP,17.723506,83.227729,15.0,VOVZ,
26488,VEAN,Along Airport,medium_airport,no,,Arunachal Pradesh,IN-AR,28.1753006,94.80200195,900.0,VEAN,
354546,IN-0308,Itanagar Donyi Polo Hollongi Airport,medium_airport,yes,Hollongi,Arunachal Pradesh,IN-AR,26.96683,93.638792,328.0,VEHO,
26524,VEZO,Ziro Airport,medium_airport,no,Ziro,Arunachal Pradesh,IN-AR,27.588301,93.828102,5403.0,VEZO,
26512,VEMN,Dibrugarh Airport,medium_airport,yes,Dibrugarh,Assam,IN-AS,27.48390007,95.01689911,362.0,VEMN,
26507,VEJT,Jorhat Airport,medium_airport,yes,Jorhat,Assam,IN-AS,26.73150063,94.17549896,311.0,VEJT,
26511,VELR,Lilabari North Lakhimpur Airport,medium_airport,yes,Lilabari,Assam,IN-AS,27.2955,94.097603,330.0,VELR,
26501,VEGT,Lokpriya Gopinath Bordoloi International Airport,medium_airport,yes,Guwahati,Assam,IN-AS,26.10610008,91.58589935,162.0,VEGT,
26509,VEKU,Silchar Airport,medium_airport,yes,Silchar,Assam,IN-AS,24.91290092,92.97869873,352.0,VEKU,
26521,VETZ,Tezpur Airport,medium_airport,yes,,Assam,IN-AS,26.70910072,92.78469849,240.0,VETZ,
3319,VEDH,Darbhanga Airport,medium_airport,yes,Darbhanga,Bihar,IN-BR,26.192801,85.916901,156.0,VEDH,VEDH
26498,VEDB,Dhanbad Airport,medium_airport,no,,Bihar,IN-BR,23.834,86.425301,847.0,VEDB,
26502,VEGY,Gaya Airport,medium_airport,yes,Gaya,Bihar,IN-BR,24.744301,84.951202,380.0,VEGY,
26517,VEPT,Jay Prakash Narayan Airport,medium_airport,yes,Patna,Bihar,IN-BR,25.591299,85.087997,170.0,VEPT,
26514,VEMZ,Muzaffarpur Airport,medium_airport,no,Muzaffarpur,Bihar,IN-BR,26.119101,85.313698,174.0,VEMZ,
26550,VICG,Chandigarh International Airport,medium_airport,yes,Chandigarh,Chandigarh,IN-CH,30.6735,76.788498,1012.0,VICG,
26435,VEBU,Bilaspur Airport,medium_airport,yes,Bilaspur,Chhattisgarh,IN-CT,21.9884,82.111,899.0,VEBU,
598586,IN-0393,Maa Mahamaya Airport,medium_airport,yes,Ambikapur,Chhattisgarh,IN-CT,22.98753,83.19612,1930.0,,
26459,VARP,Swami Vivekananda Airport,medium_airport,yes,Raipur,Chhattisgarh,IN-CT,21.180401,81.7388,1041.0,VERP,
26441,VADN,Daman Airport,medium_airport,no,Daman,Dadra and Nagar Haveli and Daman and Diu,IN-DH,20.434401,72.843201,33.0,VADN,
26552,VIDD,Safdarjung Airport,medium_airport,no,New Delhi,Delhi,IN-DL,28.585453,77.203563,705.0,VIDD,
26440,VABV,Bhavnagar Airport,medium_airport,yes,Bhavnagar,Gujarat,IN-GJ,21.75219917,72.18520355,44.0,VABV,
26436,VABJ,Bhuj Airport,medium_airport,yes,Bhuj,Gujarat,IN-GJ,23.28779984,69.67019653,268.0,VABJ,
26448,VAJM,Jamnagar Airport,medium_airport,yes,Jamnagar,Gujarat,IN-GJ,22.46549988,70.01260376,69.0,VAJM,
26449,VAKE,Kandla Airport,medium_airport,yes,Kandla,Gujarat,IN-GJ,23.1127,70.100304,96.0,VAKE,
26452,VAKS,Keshod Airport,medium_airport,yes,Keshod,Gujarat,IN-GJ,21.317101,70.270401,167.0,VAKS,
26456,VAPR,Porbandar Airport,medium_airport,yes,Porbandar,Gujarat,IN-GJ,21.649524,69.656405,23.0,VAPR,
26458,VARK,Rajkot Airport,medium_airport,yes,Rajkot,Gujarat,IN-GJ,22.30920029,70.77950287,441.0,VARK,
26431,VAAH,Sardar Vallabh Bhai Patel International Airport,medium_airport,yes,Ahmedabad,Gujarat,IN-GJ,23.0772,72.634697,189.0,VAAH,
26461,VASU,Surat Airport,medium_airport,yes,Surat,Gujarat,IN-GJ,21.1141,72.741798,16.0,VASU,
26438,VABO,Vadodara Airport,medium_airport,yes,Vadodara,Gujarat,IN-GJ,22.336201,73.226303,129.0,VABO,
26539,VIAM,Ambala Air Force Station,medium_airport,no,Ambala,Haryana,IN-HR,30.368099,76.816704,909.0,VIAM,VI18
26559,VIHR,Hisar Airport,medium_airport,yes,Hisar,Haryana,IN-HR,29.179399,75.755302,700.0,VIHR,
26575,VISA,Sirsa Air Force Station,medium_airport,no,,Haryana,IN-HR,29.5606,75.006104,650.0,VISA,
26557,VIGG,Kangra Airport,medium_airport,yes,Kangra,Himachal Pradesh,IN-HP,32.164902,76.263018,2525.0,VIGG,
26546,VIBR,Kullu Manali Airport,medium_airport,yes,Bhuntar,Himachal Pradesh,IN-HP,31.876699,77.154404,3573.0,VIBR,
26432,VAAK,Akola Airport,medium_airport,no,Akola,IN-MM,IN-MM,20.698931,77.056883,999.0,VAAK,
26433,VAAU,Aurangabad Airport,medium_airport,yes,Aurangabad,IN-MM,IN-MM,19.86269951,75.39810181,1911.0,VAAU,
26453,VANP,Dr. Babasaheb Ambedkar International Airport,medium_airport,yes,Nagpur,IN-MM,IN-MM,21.092199,79.047203,1033.0,VANP,
3299,VA2C,Gondia Airport,medium_airport,yes,Gondia,IN-MM,IN-MM,21.526817,80.290347,987.0,VAGD,VA2C
26451,VAKP,Kolhapur Airport,medium_airport,yes,Kolhapur,IN-MM,IN-MM,16.6647,74.289398,1996.0,VAKP,
3341,VALT,Murod Kond Airport,medium_airport,yes,Latur,IN-MM,IN-MM,18.411501,76.464699,2136.0,VALT,
30180,VAND,Nanded Airport,medium_airport,yes,Nanded,IN-MM,IN-MM,19.1833,77.316704,1250.0,VOND,VOND
3301,VAOZ,Nashik Airport,medium_airport,yes,Nasik,IN-MM,IN-MM,20.119101,73.912903,1900.0,VAOZ,
26455,VAPO,Pune Airport / Lohagaon Air Force Station,medium_airport,yes,Pune,IN-MM,IN-MM,18.5821,73.919701,1942.0,VAPO,
26457,VARG,Ratnagiri Airport,medium_airport,no,,IN-MM,IN-MM,17.013599,73.327797,305.0,VARG,
508630,IN-0369,Sant Gadge Baba Yavatmal Airport,medium_airport,no,Yavatmal,IN-MM,IN-MM,20.395781,78.216272,1403.0,,VA78
327452,VASD,Shirdi Airport,medium_airport,yes,Kakadi,IN-MM,IN-MM,19.688752,74.377354,1926.0,VASD,
331218,IN-0107,Sindhudurg Airport,medium_airport,yes,Chipi,IN-MM,IN-MM,16.002552,73.529846,203.0,VOSR,
26460,VASL,Solapur Airport,medium_airport,no,Solapur,IN-MM,IN-MM,17.62800026,75.93479919,1584.0,VASL,
26615,VOHY,Begumpet Airport,medium_airport,no,Hyderabad,IN-TG,IN-TG,17.4531,78.467598,1742.0,VOHY,
26613,VODG,Dundigul Air Force Academy,medium_airport,no,Hyderabad,IN-TG,IN-TG,17.62719917,78.40339661,2013.0,VODG,
26554,VIDN,Dehradun Jolly Grant Airport,medium_airport,yes,Dehradun (Jauligrant),IN-UT,IN-UT,30.189243,78.176651,1831.0,VIDN,
26565,VIJU,Jammu Airport,medium_airport,yes,Jammu,Jammu and Kashmir,IN-JK,32.688849,74.838152,996.0,VIJU,
26578,VISR,Sheikh ul Alam International Airport,medium_airport,yes,Srinagar,Jammu and Kashmir,IN-JK,33.987099,74.7742,5429.0,VISR,
26581,VIUX,Udhampur Air Force Station,medium_airport,no,Udhampur,Jammu and Kashmir,IN-JK,32.902152,75.155709,2066.0,VIUX,
26519,VERC,Birsa Munda Airport,medium_airport,yes,Ranchi,Jharkhand,IN-JH,23.31430054,85.32170105,2148.0,VERC,
26506,VEJS,Sonari Airport,medium_airport,no,Jamshedpur,Jharkhand,IN-JH,22.813786,86.169739,475.0,VEJS,
26437,VABM,Belagavi Airport,medium_airport,yes,Belgaum,Karnataka,IN-KA,15.8593,74.618301,2487.0,VOBM,
26604,VOBI,Bellary Airport,medium_airport,no,Bellary,Karnataka,IN-KA,15.16279984,76.88279724,30.0,VOBI,
26605,VOBR,Bidar Airport / Bidar Air Force Station,medium_airport,no,Bidar,Karnataka,IN-KA,17.9081,77.487099,2178.0,VOBR,
26603,VOBG,HAL Airport,medium_airport,no,Bangalore,Karnataka,IN-KA,12.95,77.668198,2912.0,VOBG,
26445,VAHB,Hubli Airport,medium_airport,yes,Hubli,Karnataka,IN-KA,15.3617,75.0849,2171.0,VOHB,
43966,IN-0011,Jakkur Aerodrome,medium_airport,no,Bengaluru,Karnataka,IN-KA,13.07674,77.597645,3013.0,VOJK,
26617,VOML,Mangalore International Airport,medium_airport,yes,Mangalore,Karnataka,IN-KA,12.9612999,74.89009857,337.0,VOML,
354545,IN-0301,Rashtrakavi Kuvempu Airport,medium_airport,no,Shimoga,Karnataka,IN-KA,13.858024,75.618868,2017.0,VOSH,
26610,VOCL,Calicut International Airport,medium_airport,yes,Calicut,Kerala,IN-KL,11.1368,75.955299,342.0,VOCL,
329504,VOKN,Kannur International Airport,medium_airport,yes,Kannur,Kerala,IN-KL,11.918614,75.547211,330.0,VOKN,
26569,VILH,Leh Kushok Bakula Rimpochee Airport,medium_airport,yes,Leh,Ladakh,IN-LA,34.135899,77.546501,10682.0,VILH,
26602,VOAT,Agatti Airport,medium_airport,yes,Agatti,Lakshadweep,IN-LD,10.8237,72.176003,14.0,VOAT,
26446,VAID,Devi Ahilyabai Holkar Airport,medium_airport,yes,Indore,Madhya Pradesh,IN-MP,22.72179985,75.80110168,1850.0,VAID,
26558,VIGR,Gwalior Airport,medium_airport,yes,Gwalior,Madhya Pradesh,IN-MP,26.29330063,78.22779846,617.0,VIGR,
26447,VAJB,Jabalpur Airport,medium_airport,yes,Jabalpur,Madhya Pradesh,IN-MP,23.177799,80.052002,1624.0,VAJB,
26450,VAKJ,Khajuraho Airport,medium_airport,yes,Khajuraho,Madhya Pradesh,IN-MP,24.8172,79.918602,728.0,VEKO,
26439,VABP,Raja Bhoj International Airport,medium_airport,yes,Bhopal,Madhya Pradesh,IN-MP,23.28750038,77.33740234,1711.0,VABP,
3288,VA1G,"Rewa Airport, Chorhata, REWA",medium_airport,yes,Rewa,Madhya Pradesh,IN-MP,24.503401,81.220299,1000.0,VA1G,VA1G
26504,VEIM,Imphal Airport,medium_airport,yes,Imphal,Manipur,IN-MN,24.76000023,93.896698,2540.0,VEIM,
26492,VEBI,Shillong Airport,medium_airport,yes,Shillong,Meghalaya,IN-ML,25.70359993,91.97869873,2910.0,VEBI,
26510,VELP,Lengpui Airport,medium_airport,yes,Aizawl (Lengpui),Mizoram,IN-MZ,23.840599,92.619698,1398.0,VELP,
26513,VEMR,Dimapur Airport,medium_airport,yes,Dimapur,Nagaland,IN-NL,25.88389969,93.77110291,487.0,VEMR,
26494,VEBS,Biju Patnaik Airport,medium_airport,yes,Bhubaneswar,Odisha,IN-OR,20.24440002,85.81780243,138.0,VEBS,
26520,VERK,Rourkela Airport,medium_airport,no,Rourkela,Odisha,IN-OR,22.256571,84.815193,659.0,VERK,
26621,VOPC,Pondicherry Airport,medium_airport,yes,Puducherry (Pondicherry),Puducherry,IN-PY,11.968,79.812,134.0,VOPC,
26547,VIBT,Bhatinda Air Force Station,medium_airport,no,,Punjab,IN-PB,30.2701,74.755798,662.0,VIBT,
26568,VILD,Ludhiana Airport,medium_airport,no,,Punjab,IN-PB,30.85470009,75.95259857,834.0,VILD,
26571,VIPK,Pathankot Airport,medium_airport,yes,Pathankot,Punjab,IN-PB,32.233611,75.634444,1017.0,VIPK,
26540,VIAR,Sri Guru Ram Dass Jee International Airport,medium_airport,yes,Amritsar,Punjab,IN-PB,31.7096,74.797302,756.0,VIAR,
26563,VIJP,Jaipur International Airport,medium_airport,yes,Jaipur,Rajasthan,IN-RJ,26.8242,75.812202,1263.0,VIJP,
26564,VIJR,Jaisalmer Airport,medium_airport,yes,,Rajasthan,IN-RJ,26.8887,70.864998,751.0,VIJR,
26562,VIJO,Jodhpur Airport,medium_airport,yes,Jodhpur,Rajasthan,IN-RJ,26.25110054,73.04889679,717.0,VIJO,
327453,VIKG,Kishangarh Airport Ajmer,medium_airport,yes,Ajmer (Kishangarh),Rajasthan,IN-RJ,26.591007,74.812956,,VIKG,
26567,VIKO,Kota Airport,medium_airport,no,Kota,Rajasthan,IN-RJ,25.16020012,75.84559631,896.0,VIKO,
26462,VAUD,Maharana Pratap Airport,medium_airport,yes,Udaipur,Rajasthan,IN-RJ,24.61770058,73.89610291,1684.0,VAUD,
26543,VIBK,Nal Airport,medium_airport,no,Bikaner,Rajasthan,IN-RJ,28.070601,73.207199,750.0,VIBK,
26607,VOCB,Coimbatore International Airport,medium_airport,yes,Coimbatore,Tamil Nadu,IN-TN,11.02999973,77.04340363,1324.0,VOCB,
26616,VOMD,Madurai Airport,medium_airport,yes,Madurai,Tamil Nadu,IN-TN,9.83450985,78.09339905,459.0,VOMD,
26624,VOSM,Salem Airport,medium_airport,no,Salem,Tamil Nadu,IN-TN,11.7833004,78.06559753,1008.0,VOSM,
26628,VOTR,Tiruchirappalli International Airport,medium_airport,yes,Tiruchirappalli,Tamil Nadu,IN-TN,10.766223,78.71774,288.0,VOTR,
26489,VEAT,Agartala - Maharaja Bir Bikram Airport,medium_airport,yes,Agartala,Tripura,IN-TR,23.886999,91.240402,46.0,VEAT,
26508,VEKR,Kailashahar Airport,medium_airport,no,Kailashahar,Tripura,IN-TR,24.308657,92.00768,79.0,VEKR,
26537,VIAG,Agra Airport / Agra Air Force Station,medium_airport,yes,Agra,Uttar Pradesh,IN-UP,27.157683,77.960942,551.0,VIAG,
46512,IN-0025,Ayodhya Airport,medium_airport,yes,Faizabad,Uttar Pradesh,IN-UP,26.751283,82.155295,335.0,VEAY,
26549,VIBY,Bareilly Air Force Station,medium_airport,yes,Bareilly,Uttar Pradesh,IN-UP,28.4221,79.450798,580.0,VIBY,
26570,VILK,Chaudhary Charan Singh International Airport,medium_airport,yes,Lucknow,Uttar Pradesh,IN-UP,26.76059914,80.88929749,410.0,VILK,
26500,VEGK,Gorakhpur Airport,medium_airport,yes,Gorakhpur,Uttar Pradesh,IN-UP,26.73970032,83.4496994,259.0,VEGK,
26551,VICX,Kanpur Airport,medium_airport,yes,Kanpur,Uttar Pradesh,IN-UP,26.404301,80.410103,410.0,VEKA,VEKA
350147,VEKI,Kushinagar International Airport,medium_airport,no,Kushinagar,Uttar Pradesh,IN-UP,26.776534,83.889214,266.0,VEKI,
26545,VEBN,Lal Bahadur Shastri Airport,medium_airport,yes,Varanasi,Uttar Pradesh,IN-UP,25.452129,82.861805,266.0,VEBN,
558007,VIMB,Moradabad Airport,medium_airport,yes,Moradabad,Uttar Pradesh,IN-UP,28.81746,78.92187,637.0,VIMB,
26573,VIPT,Pantnagar Airport,medium_airport,yes,Pantnagar,Uttar Pradesh,IN-UP,29.0334,79.473701,769.0,VIPT,
26538,VIAL,Prayagraj Airport,medium_airport,yes,Allahabad,Uttar Pradesh,IN-UP,25.4401,81.733902,322.0,VEAB,VEAB
26491,VEBD,Bagdogra Airport,medium_airport,yes,Siliguri,West Bengal,IN-WB,26.68120003,88.32859802,412.0,VEBD,
3312,VE44,Hashimara Air Force Station,medium_airport,no,Jalpaiguri,West Bengal,IN-WB,26.698299,89.369102,340.0,VEHX,VE44
317982,VEDG,Kazi Nazrul Islam Airport,medium_airport,yes,Durgapur,West Bengal,IN-WB,23.6225,87.243,300.0,VEDG,
26516,VEPH,Panagarh Air Force Station,medium_airport,no,,West Bengal,IN-WB,23.47430038,87.42749786,240.0,VEPH,
46581,IN-0053,INS Kohassa,small_airport,no,Diglipur,Andaman and Nicobar Islands,IN-AN,13.236316,93.049731,13.0,VODX,
26619,VONS,Nagarjuna Sagar Airport,small_airport,no,Nagarjuna Sagar,Andhra Pradesh,IN-AP,16.541574,79.316504,658.0,VONS,
26627,VOTP,Tirupati Airport,small_airport,yes,Tirupati,Andhra Pradesh,IN-AP,13.63249969,79.54329681,350.0,VOTP,
44474,VEDZ,Daporijo Airport,small_airport,no,Daporijo,Arunachal Pradesh,IN-AR,27.98550034,94.22280121,750.0,VEDZ,
429854,IN-0360,Dinjan Airfield,small_airport,no,Baghbari Gaon,Arunachal Pradesh,IN-AR,27.53606,95.2682,390.0,,
3317,VE67,Mechuka Advanced Landing Ground,small_airport,no,Kargong,Arunachal Pradesh,IN-AR,28.602458,94.126139,7900.0,VE67,VE67
31692,VEPG,Pasighat Airport,small_airport,no,Pasighat,Arunachal Pradesh,IN-AR,28.064786,95.336952,477.0,VEPG,
32433,VETJ,Tezu Airport,small_airport,no,Tezu,Arunachal Pradesh,IN-AR,27.94120026,96.13439941,800.0,VETJ,
350890,IN-0307,Tuting Advanced Landing Ground,small_airport,no,Tuting,Arunachal Pradesh,IN-AR,28.98876,94.89863,1562.0,VETU,
3320,VE91,Vijaynagar Advanced Landing Ground,small_airport,no,,Arunachal Pradesh,IN-AR,27.1935997,97.00370026,4167.0,VE91,VE91
42731,IN-0010,Walong Advanced Landing Ground,small_airport,no,,Arunachal Pradesh,IN-AR,28.129673,97.01966095,,,
26495,VECA,Chabua Air Force Station,small_airport,no,Chabua,Assam,IN-AS,27.4622,95.117699,367.0,VECA,
30356,VERU,Rupsi Airport,small_airport,no,Rupsi,Assam,IN-AS,26.141867,89.907892,131.0,VERU,
3308,VE24,Sookerating (Doomdooma) Airport,small_airport,no,Sokriting T.E.,Assam,IN-AS,27.5529,95.570602,400.0,VE24,VE24
301145,IN-0077,Bhagalpur Airport,small_airport,no,Bhagalpur,Bihar,IN-BR,25.249535,87.011976,,,
429741,IN-0346,Bihta Air Force Station,small_airport,no,Patna,Bihar,IN-BR,25.59124,84.88312,,,
26493,VEBK,Bokaro Airport,small_airport,no,,Bihar,IN-BR,23.643499,86.148903,715.0,VEBK,
3315,VE54,Daltonganj Airport,small_airport,no,,Bihar,IN-BR,24.01930046,84.0951004,803.0,VE54,VE54
3311,VE41,Giridih Airport,small_airport,no,,Bihar,IN-BR,24.20190048,86.28980255,1000.0,VE41,VE41
300448,IN-0066,Madhubani Airport,small_airport,no,Madhubani,Bihar,IN-BR,26.329167,86.06,,,
26518,VEPU,Purnea Airport,small_airport,no,,Bihar,IN-BR,25.75959969,87.41000366,129.0,VEPU,
30325,VERL,Raxaul Airport,small_airport,no,,Bihar,IN-BR,26.9667,84.833298,259.0,VERL,
311047,IN-0091,Saharsa Airport,small_airport,no,Saharsa,Bihar,IN-BR,25.892205,86.583016,,,
300449,IN-0067,Ulao Aerodrome,small_airport,no,Begusarai,Bihar,IN-BR,25.42788,86.08819,,,
3286,VA1E,Bhilai Airport,small_airport,no,,Chhattisgarh,IN-CT,21.2942009,81.37950134,1014.0,VA1E,VA1E
31698,IN-JGB,Jagdalpur Airport,small_airport,yes,Jagdalpur,Chhattisgarh,IN-CT,19.074301,82.036797,1822.0,VEJR,VEJR
46515,IN-0026,Korba Airport,small_airport,no,Rumgara,Chhattisgarh,IN-CT,22.41416667,82.71944444,1200.0,,
301046,IN-0072,Raigarh Airport (JSPL),small_airport,no,,Chhattisgarh,IN-CT,21.93528056,83.35021389,,,
3296,VA1P,Diu Airport,small_airport,yes,Diu,Dadra and Nagar Haveli and Daman and Diu,IN-DH,20.714185,70.921855,31.0,VADU,VADU
46481,IN-0023,Amreli Airport,small_airport,no,Amreli,Gujarat,IN-GJ,21.621416,71.226309,428.0,,
508628,IN-0367,Dahod Helipad,small_airport,no,Dahod,Gujarat,IN-GJ,22.874296,74.243247,860.0,,JLG
26442,VADS,Deesa Airport,small_airport,no,Deesa,Gujarat,IN-GJ,24.2679,72.204399,485.0,VADS,
340180,IN-0176,Mandvi Airport,small_airport,no,Mandvi,Gujarat,IN-GJ,22.83932,69.30498,,,
340181,IN-0177,Mehsana Airport,small_airport,no,Mehsana,Gujarat,IN-GJ,23.60118,72.37399,,,
331217,IN-0106,Mithapur Airport,small_airport,no,Mithapur,Gujarat,IN-GJ,22.412068,68.993632,11.0,,
340182,VAMA,Mundra Airport,small_airport,no,Mundra,Gujarat,IN-GJ,22.834795,69.765408,,VAMA,
3291,VA1K,Naliya Air Force Station,small_airport,no,Naliya,Gujarat,IN-GJ,23.2223,68.891296,135.0,VANY,
26548,VIBW,Bhiwani Airport,small_airport,no,Bhiwani,Haryana,IN-HR,28.837,76.1791,720.0,VIBW,
3323,VI40,Karnal Airport,small_airport,no,Niawal,Haryana,IN-HR,29.714663,77.037438,829.0,VI40,VI40
3322,VI20,Narnaul Airport,small_airport,no,,Haryana,IN-HR,28.077101,76.205002,955.0,VINL,VI20
3331,VI71,Pinjore Airfield and Flying Club,small_airport,no,Gannan,Haryana,IN-HR,30.82457,76.883652,1700.0,VI71,VI71
26576,VISM,Shimla Airport,small_airport,no,Jubbarhatti,Himachal Pradesh,IN-HP,31.0818,77.068001,5072.0,VISM,
46556,IN-0033,Aamby Valley Airport,small_airport,no,Aamby Valley City,IN-MM,IN-MM,18.609617,73.377583,2262.0,VAAV,
299082,IN-0065,Amravati (Belora) Airstrip,small_airport,no,Amravati,IN-MM,IN-MM,20.814608,77.717765,1125.0,VAAM,
46518,IN-0024,Baramati Airport,small_airport,yes,Pune,IN-MM,IN-MM,18.226944,74.590833,1978.0,,BMT
3283,VA1B,Chanda Airport,small_airport,no,,IN-MM,IN-MM,19.99469948,79.22250366,625.0,VA1B,VA1B
3305,IN-0363,Dhulia Airport,small_airport,no,,IN-MM,IN-MM,20.9265,74.737099,920.0,,VA53
26454,IN-0382,Gandhinagar Airfield,small_airport,no,Nashik,IN-MM,IN-MM,19.963699,73.807602,1959.0,VANR,
3303,VAJL,Jalgaon Airport,small_airport,yes,Jalgaon,IN-MM,IN-MM,20.962678,75.627492,818.0,VAJL,
30171,VAJJ,Juhu Aerodrome,small_airport,no,Mumbai,IN-MM,IN-MM,19.09810066,72.834198,13.0,VAJJ,
3293,VA1M,Karad Airport,small_airport,no,,IN-MM,IN-MM,17.28590012,74.15809631,1890.0,VA1M,VA1M
314033,OMN,Osmanabad Airport,small_airport,no,Osmanabad,IN-MM,IN-MM,18.281,76.0574,2277.0,,
46625,IN-0062,Shirpur Airport,small_airport,no,Shirpur,IN-MM,IN-MM,21.32399879,74.95673418,,,
46557,IN-0034,Vijay Nagar Airport,small_airport,no,Vijay Nagar,IN-MM,IN-MM,19.8841,73.84056667,,,
313997,VORG,Basanth Nagar Airport,small_airport,no,Ramagundam,IN-TG,IN-TG,18.701,79.3923,670.0,VORG,
26614,VOHK,Hakimpet Airport,small_airport,no,Secunderabad,IN-TG,IN-TG,17.553499,78.524902,2020.0,VOHK,
44908,IN-0013,Nadirgul Airport,small_airport,no,Hyderabad,IN-TG,IN-TG,17.306142,78.561004,1811.0,,
348753,IN-0300,Viraf Airstrip,small_airport,no,Mamidiyal,IN-TG,IN-TG,17.728462,78.700909,2010.0,,
32647,VOWA,Warangal Airport,small_airport,no,Warangal,IN-TG,IN-TG,17.9144,79.602203,935.0,VOWA,
309591,IN-0087,Gauchar Airstrip,small_airport,no,Gauchar,IN-UT,IN-UT,30.284585,79.161665,,,
3335,VI82,Maa Ganga Airport Uttarkashi,small_airport,no,Chinyalisour,IN-UT,IN-UT,30.582583,78.323164,2983.0,VI82,VI82
26553,VIDF,Pithoragarh Airport,small_airport,no,Pithoragarh,IN-UT,IN-UT,29.593599,80.239197,4910.0,VIDF,
26541,VIAW,Awantipura Air Force Station,small_airport,no,Awantipura,Jammu and Kashmir,IN-JK,33.876598,74.9757,5393.0,VIAW,
311989,IN-0088,Poonch Airport,small_airport,no,Poonch,Jammu and Kashmir,IN-JK,33.76875,74.083753,3219.0,,
32215,IN-RJI,Rajouri Airport,small_airport,no,Rajouri,Jammu and Kashmir,IN-JK,33.377899,74.315201,3000.0,,
29775,VECK,Chakulia Airport,small_airport,no,,Jharkhand,IN-JH,22.4606,86.707802,430.0,VECK,
312234,VEDO,Deoghar Airport,small_airport,yes,Deoghar,Jharkhand,IN-JH,24.446842,86.704955,361.0,VEDO,
309944,IN-0089,Noamundi Airport,small_airport,no,Itarbalijor,Jharkhand,IN-JH,22.192222,85.548889,1402.0,,
317984,IN-0100,Sido Kanhu Airport,small_airport,no,Dumka,Jharkhand,IN-JH,24.231185,87.269989,470.0,,
44630,VOKP,Baldota Koppal Aerodrome,small_airport,no,Basapur,Karnataka,IN-KA,15.359481,76.219411,1700.0,VOKP,
3340,VO52,Harihar Airport,small_airport,no,Harihar,Karnataka,IN-KA,14.534533,75.786879,1750.0,VO52,VO52
301040,VOJV,Jindal Vijaynagar Airport,small_airport,no,Toranagallu,Karnataka,IN-KA,15.175921,76.63303,1670.0,VOJV,
506610,VOGB,Kalaburagi Airport,small_airport,yes,Kalaburagi,Karnataka,IN-KA,17.308154,76.965246,1571.0,VOGB,
31996,VOMY,Mysore Airport,small_airport,yes,Mysore,Karnataka,IN-KA,12.23,76.655833,2349.0,VOMY,
520738,VORR,Raichur Airport,small_airport,no,,Karnataka,IN-KA,16.279722,77.360278,1230.0,VORR,
26631,VOYK,Yelahanka Air Force Station,small_airport,no,Yelahanka,Karnataka,IN-KA,13.13549995,77.60600281,3045.0,VOYK,
26608,VOCC,INS Garuda / Willingdon Island Naval Air Station,small_airport,no,Kochi,Kerala,IN-KL,9.946064,76.271947,8.0,VOCC,
597483,IN-0390,Kannur Heliport,small_airport,no,Kannur,Kerala,IN-KL,11.862516,75.366505,24.0,,
342197,IN-0279,Chushul Airstrip,small_airport,no,Chushul,Ladakh,IN-LA,33.55493,78.72214,14213.0,,
42716,IN-0003,Daulat Beg Oldi Advanced Landing Ground,small_airport,no,Nubra,Ladakh,IN-LA,35.396467,77.928965,16200.0,,
3328,VI66,Fukche Advanced Landing Ground,small_airport,no,Koyul,Ladakh,IN-LA,32.937401,79.213203,13700.0,VI66,VI66
3327,VI65,Kargil Airport,small_airport,no,Kargil,Ladakh,IN-LA,34.5243,76.155899,9604.0,VI65,VI65
350876,IN-0302,Nyoma Airstrip,small_airport,no,Nyoma,Ladakh,IN-LA,33.16913,78.72971,13589.0,,
3325,VI57,Thoise Airport,small_airport,no,Nubra,Ladakh,IN-LA,34.652599,77.375801,10046.0,VI57,VI57
3292,VA1L,Amla Airport,small_airport,no,Amla,Madhya Pradesh,IN-MP,21.926399,78.113602,2435.0,VA1L,VA1L
3334,VI76,Band Tal Airport,small_airport,no,,Madhya Pradesh,IN-MP,26.00009918,78.26180267,790.0,VI76,VI76
3318,VE85,Bentayan Airport,small_airport,no,Ujjain,Madhya Pradesh,IN-MP,23.0951004,75.88529968,1666.0,,
3284,VA1C,Birlagram Airport,small_airport,no,,Madhya Pradesh,IN-MP,23.44689941,75.42030334,1541.0,VA1C,VA1C
299921,IN-0068,Birwa Airstrip,small_airport,no,Baihar,Madhya Pradesh,IN-MP,22.092639,80.595531,,,
3295,VA1O,Burhar Airport,small_airport,no,,Madhya Pradesh,IN-MP,23.23520088,81.50370026,1500.0,VA1O,VA1O
309587,IN-0086,CHINDWARA AIRFIELD,small_airport,no,,Madhya Pradesh,IN-MP,22.0,78.93,,,
3290,VA1J,Dhana Airport,small_airport,no,,Madhya Pradesh,IN-MP,23.75359917,78.85579681,1706.0,VA1J,VA1J
26443,VAGN,Guna Airport,small_airport,no,,Madhya Pradesh,IN-MP,24.654699,77.347298,1600.0,VAGN,
46624,IN-0061,Khandwa Airport,small_airport,no,Khandwa,Madhya Pradesh,IN-MP,21.857117,76.336956,1079.0,VAKD,
46623,IN-0060,Khargon Govt. Airstrip,small_airport,no,,Madhya Pradesh,IN-MP,21.81003019,75.55443764,,,
336938,IN-0102,Mandla Airstrip,small_airport,no,Dhenko,Madhya Pradesh,IN-MP,22.500929,80.331195,,,
3294,VA1N,Nimach Airport,small_airport,no,,Madhya Pradesh,IN-MP,24.43079948,74.86779785,1617.0,VA1N,VA1N
3300,VA2D,Ratlam Airport,small_airport,no,,Madhya Pradesh,IN-MP,23.38139915,75.02559662,1702.0,VA2D,VA2D
26579,VIST,Satna Airport,small_airport,no,,Madhya Pradesh,IN-MP,24.56262,80.852927,1060.0,VEST,
3287,VA1F,Sidhi Airport,small_airport,no,,Madhya Pradesh,IN-MP,24.40229988,81.81479645,1093.0,VA1F,VA1F
3321,VE96,Thuniabhand Airport,small_airport,no,,Madhya Pradesh,IN-MP,22.00160027,78.91719818,2182.0,VE96,VE96
46640,IN-0064,Umaria Air Field,small_airport,no,Umaria,Madhya Pradesh,IN-MP,23.53251391,80.80821991,1510.0,,
44582,IN-0015,Baljek Airport,small_airport,yes,,Meghalaya,IN-ML,25.66148758,90.34503937,,,
26490,VEAZ,Tuirial Airfield,small_airport,no,Aizawl,Mizoram,IN-MZ,23.746214,92.802846,1093.0,VEAZ,
301051,IN-0074,Barbil Tonto Airstrip,small_airport,no,Bhusugaon,Odisha,IN-OR,22.045829,85.373468,,VEBL,
340009,VEBM,Berhampur Rangeilunda Airport,small_airport,no,Berhampur (Brahmapur),Odisha,IN-OR,19.2975,84.876944,100.0,VEBM,
356132,IN-0338,Birasal Airport,small_airport,no,Rahani,Odisha,IN-OR,20.98366,85.681622,240.0,,
3316,VE62,Cuttack Airport,small_airport,no,Bandalo,Odisha,IN-OR,20.549601,85.886299,115.0,VE62,VE62
26503,VEHK,Hirakud Airport,small_airport,no,Sambalpur,Odisha,IN-OR,21.5802,84.005699,658.0,VEHK,
32183,VEJP,Jeypore Airport,small_airport,no,Jeypore,Odisha,IN-OR,18.879999,82.552002,1952.0,VEJP,
26505,VEJH,Jharsuguda Airport,small_airport,yes,,Odisha,IN-OR,21.9135,84.0504,751.0,VEJH,
309893,VEKJ,Kendujhar Airport,small_airport,no,Gopinathapur,Odisha,IN-OR,21.696667,85.581667,,VEKJ,
26515,VENP,Nawapara Airport,small_airport,no,Nawapara,Odisha,IN-OR,20.870001,82.5196,1058.0,VENP,
3310,VE36,Nuagaon Airport,small_airport,no,,Odisha,IN-OR,20.51169968,83.44809723,656.0,VE36,VE36
301049,IN-0073,Savitri Jindal Airport,small_airport,no,Angul,Odisha,IN-OR,20.910055,85.036669,623.0,,
342873,IN-0283,Therubali Aerodrome,small_airport,no,Deopur,Odisha,IN-OR,19.34564,83.43444,830.0,,
520373,IN-0376,Utkela Airport,small_airport,yes,Bhawanipatna,Odisha,IN-OR,20.097778,83.183333,685.0,,
26522,VEUK,Utkela Airport,small_airport,no,,Odisha,IN-OR,20.097401,83.1838,680.0,VEUK,
311106,IN-0093,Vedanta Lanjigarh Airstrip,small_airport,no,,Odisha,IN-OR,19.71944444,83.39361111,,,
26542,VIAX,Adampur Airport,small_airport,yes,Adampur,Punjab,IN-PB,31.4338,75.758797,775.0,VIAX,
3336,VI88,Beas Airport,small_airport,no,Bhaini,Punjab,IN-PB,31.559999,75.341301,741.0,VI88,VI88
26560,VIHX,Halwara Air Force Station,small_airport,no,Halwara,Punjab,IN-PB,30.748501,75.629799,790.0,VIHX,
26572,VIPL,Patiala Airport,small_airport,no,,Punjab,IN-PB,30.3148,76.364502,820.0,VIPL,
3306,IN-0364,Abu Road Airport,small_airport,no,,Rajasthan,IN-RJ,24.4942,72.781502,875.0,,VA74
317900,IN-0096,Akli Airport,small_airport,no,Akli,Rajasthan,IN-RJ,25.8077,70.2943,230.0,,
3304,IN-VA51,Banswara Airport,small_airport,no,,Rajasthan,IN-RJ,23.589259,74.314048,700.0,,VA51
308281,IN-0085,Fury Airport,small_airport,no,"Karwar, Jodhpur",Rajasthan,IN-RJ,26.434072,73.101472,768.0,VAJO,
517010,IN-0370,Gunna Ka Pura,small_airport,no,Khanpura,Rajasthan,IN-RJ,26.65022,77.792484,791.0,,
3329,VI69,Jhunjhunu Airport,small_airport,no,,Rajasthan,IN-RJ,28.1067009,75.37560272,1110.0,VI69,VI69
3332,VI73,Nagaur Airport,small_airport,no,,Rajasthan,IN-RJ,27.20829964,73.71140289,950.0,VI73,VI73
3289,VA1H,Ondwa Airport,small_airport,no,,Rajasthan,IN-RJ,25.14150047,74.6115036,1450.0,VA1H,VA1H
525296,VIPX,Phalodi Air Force Station,small_airport,no,,Rajasthan,IN-RJ,27.104866,72.212894,,VIPX,
3297,VA2A,Phalodi Airport,small_airport,no,,Rajasthan,IN-RJ,27.11289978,72.38899994,781.0,VA2A,VA2A
3330,VI70,Pilani New Airport,small_airport,no,,Rajasthan,IN-RJ,28.34880066,75.59369659,1100.0,VI70,VI70
3302,IN-VA38,Sirohi Airport,small_airport,no,,Rajasthan,IN-RJ,24.89509964,72.84590149,1000.0,VA38,VA38
3324,VI43,Suratgarh New Airport,small_airport,no,,Rajasthan,IN-RJ,29.38780022,73.90390015,554.0,VI43,VI43
517212,IN-0373,Tarpura Airfield,small_airport,no,Dadiya,Rajasthan,IN-RJ,27.729912,75.24086,1434.0,,
26580,VIUT,Uttarlai Airport,small_airport,no,,Rajasthan,IN-RJ,25.813,71.4823,500.0,VIUT,
319166,IN-0101,Vanasthali Airport,small_airport,no,Vanasthali,Rajasthan,IN-RJ,26.407627,75.870128,,,
44362,IN-0012,Pakyong Airport,small_airport,no,Pakyong,Sikkim,IN-SK,27.2313,88.587196,4590.0,VEPY,
26625,VOSX,Coimbatore Air Force Station,small_airport,no,Sulur,Tamil Nadu,IN-TN,11.0136,77.159698,1250.0,VOSX,
3344,VO95,Hosur Airport,small_airport,no,,Tamil Nadu,IN-TN,12.66129971,77.76719666,3116.0,VO95,VO95
26601,VOAR,INS Rajali / Arakkonam Naval Air Station,small_airport,no,Arakkonam,Tamil Nadu,IN-TN,13.0712,79.6912,265.0,VOAR,
3338,VO26,Kovilpatti Airport,small_airport,no,Nallatinputhur,Tamil Nadu,IN-TN,9.15389,77.821198,325.0,VO26,VO26
42723,VONV,Neyveli Airport,small_airport,no,Neyveli,Tamil Nadu,IN-TN,11.612956,79.527382,184.0,VONV,
32591,VORM,Ramnad Naval Air Station,small_airport,no,Ramnad,Tamil Nadu,IN-TN,9.32509,78.971497,16.0,VORM,
26630,VOTX,Tambaram Air Force Station,small_airport,no,Chennai,Tamil Nadu,IN-TN,12.9072,80.121902,90.0,VOTX,
26626,VOTJ,Thanjavur Air Force Station,small_airport,no,Thanjavur,Tamil Nadu,IN-TN,10.723835,79.109457,253.0,VOTJ,
3342,VOTK,Tuticorin Airport,small_airport,yes,Vagaikulam,Tamil Nadu,IN-TN,8.724241,78.025803,129.0,VOTK,
32592,VOVR,Vellore Airport,small_airport,no,Vellore,Tamil Nadu,IN-TN,12.9088,79.066803,764.0,VOVR,
30005,VEKM,Kamalpur Airport,small_airport,no,Manik Bhandar,Tripura,IN-TR,24.134325,91.810769,131.0,VEKM,
31691,VEKW,Khowai Airport,small_airport,no,Khowai,Tripura,IN-TR,24.061899,91.603897,95.0,VEKW,
3337,VI90,Akbarpur Mahamaya Rajkiya Airport,small_airport,no,Akbarpur,Uttar Pradesh,IN-UP,26.447599,82.568199,288.0,VI90,VI90
298454,VIAH,Aligarh Airport,small_airport,yes,Aligarh,Uttar Pradesh,IN-UP,27.861437,78.145404,619.0,VIAH,
429740,IN-0345,Andhau Airfield,small_airport,no,Biraich,Uttar Pradesh,IN-UP,25.6155,83.56064,,,
525150,VEAH,Azamgarh Airport,small_airport,no,Azamgarh,Uttar Pradesh,IN-UP,26.153333,83.118333,250.0,VEAH,
26544,VIBL,Bakshi Ka Talab Air Force Station,small_airport,no,Lucknow,Uttar Pradesh,IN-UP,26.9883,80.893097,385.0,VIBL,
429738,IN-0343,Benti Airstrip,small_airport,no,Benti,Uttar Pradesh,IN-UP,25.67292,81.49592,,,
525147,VECT,Chitrakoot Airport,small_airport,no,Chitrakoot,Uttar Pradesh,IN-UP,25.167694,80.9358,1050.0,VECT,
3298,VA2B,Dr. Bhimrao Ambedkar Airstrip,small_airport,no,Meerut,Uttar Pradesh,IN-UP,28.904933,77.677524,732.0,VA2B,VA2B
26574,VIRB,Fursatganj Airport,small_airport,no,Tarauna,Uttar Pradesh,IN-UP,26.248501,81.380501,360.0,VERB,
26556,VIDX,Hindon Airport / Hindon Air Force Station,small_airport,yes,Ghaziabad,Uttar Pradesh,IN-UP,28.707701,77.358902,700.0,VIDX,
3333,VI75,IIT Kanpur Airport,small_airport,no,Kanpur,Uttar Pradesh,IN-UP,26.520399,80.232904,400.0,,
26561,VIJN,Jhansi Airport,small_airport,no,,Uttar Pradesh,IN-UP,25.491199,78.558403,801.0,VIJN,
26566,VIKA,Kanpur Civil Airport (Old),small_airport,no,Kanpur,Uttar Pradesh,IN-UP,26.440857,80.365029,411.0,VIKA,
32576,VILP,Lalitpur Airport,small_airport,no,Lalitpur,Uttar Pradesh,IN-UP,24.71699905,78.41699982,1204.0,VILP,
429737,IN-0342,Marhamtabad Airport,small_airport,no,Marhamtabad,Uttar Pradesh,IN-UP,26.58182,79.96797,,,
356352,IN-0341,Mohammadabad Airport,small_airport,no,Mohammadabad,Uttar Pradesh,IN-UP,27.316258,79.451555,,,
3285,VA1D,Muirpur Airport,small_airport,no,,Uttar Pradesh,IN-UP,24.12520027,83.04060364,1122.0,VA1D,VA1D
597786,IN-0392,Noida International Airport,small_airport,no,,Uttar Pradesh,IN-UP,28.175556,77.60611,,,
429736,VI00,Saifai Airport,small_airport,no,Barauli Khurd,Uttar Pradesh,IN-UP,26.9202,79.06277,,VI00,
26577,VISP,Sarsawa Air Force Station,small_airport,no,Sherpur Naqeebpur,Uttar Pradesh,IN-UP,29.994303,77.42456,891.0,VISP,
525168,VISV,Shravasti Airport,small_airport,yes,Shravasti,Uttar Pradesh,IN-UP,27.499732,82.032927,366.0,VISV,
300715,IN-0069,Sultanpur Airport,small_airport,yes,Sultanpur,Uttar Pradesh,IN-UP,26.2475,82.0425,,VESL,
32206,VEBG,Balurghat Airport,small_airport,no,Balurghat,West Bengal,IN-WB,25.2617,88.795601,78.0,VEBG,
3309,VEPI,Barrackpore Air Force Station,small_airport,no,Barrackpore,West Bengal,IN-WB,22.78100014,88.35919952,18.0,VEPI,VE31
29689,VEBA,Behala Airport,small_airport,no,Behala,West Bengal,IN-WB,22.50423,88.293427,10.0,VEBA,
3307,VE23,Burnpur Airport,small_airport,no,,West Bengal,IN-WB,23.63150024,86.97550201,310.0,VE23,VE23
26497,VECO,Cooch Behar Airport,small_airport,no,Cooch Behar,West Bengal,IN-WB,26.3305,89.467201,138.0,VECO,
317983,IN-0099,Durgapur Steel Plant Airport,small_airport,no,Durgapur,West Bengal,IN-WB,23.58331,87.339787,290.0,,
26499,VEDX,Kalaikunda Air Force Station,small_airport,no,,West Bengal,IN-WB,22.3395,87.2145,200.0,VEDX,
31799,VEMH,Malda Airport,small_airport,no,Malda,West Bengal,IN-WB,25.01018,88.126917,79.0,VEMH,
317980,IN-0097,Surichua Air Base,small_airport,no,Rampurhat,West Bengal,IN-WB,24.18824,87.701722,280.0,,
347144,IN-0293,Hut Bay Seaplane Base,seaplane_base,no,Kwate-Tu-Kwage (Hut Bay),Andaman and Nicobar Islands,IN-AN,10.58975,92.55899,,,
347130,IN-0284,Aerial Bay Heliport,heliport,no,Diglipur,Andaman and Nicobar Islands,IN-AN,13.27495,93.02323,25.0,,
347149,IN-0298,Champin Heliport,heliport,no,Nancowry,Andaman and Nicobar Islands,IN-AN,8.02424,93.54499,3.0,,
347142,IN-0291,Chidiya Tapu Heliport,heliport,no,Port Blair,Andaman and Nicobar Islands,IN-AN,11.50879,92.70187,13.0,,
347145,IN-0294,Chowra Island Heliport,heliport,no,Nancowry,Andaman and Nicobar Islands,IN-AN,8.46046,93.04432,20.0,,
347136,IN-0285,Diglipur Heliport,heliport,no,Diglipur,Andaman and Nicobar Islands,IN-AN,13.25542,93.00137,16.0,,
347148,IN-0297,Goaltekery Heliport,heliport,no,Nancowry,Andaman and Nicobar Islands,IN-AN,8.06716,93.54712,154.0,,
347139,IN-0288,Havelock Heliport,heliport,no,Govind Nagar,Andaman and Nicobar Islands,IN-AN,12.03744,92.98318,13.0,,
347143,IN-0292,Hut Bay Heliport,heliport,no,Kwate-Tu-Kwage (Hut Bay),Andaman and Nicobar Islands,IN-AN,10.60307,92.53432,10.0,,
347147,IN-0296,Kamorta Heliport,heliport,no,Nancowry,Andaman and Nicobar Islands,IN-AN,8.03703,93.54899,20.0,,
347150,IN-0299,Katchal Heliport,heliport,no,Nancowry,Andaman and Nicobar Islands,IN-AN,7.99756,93.37938,125.0,,
347137,IN-0286,Mayabunder Heliport,heliport,no,Mayabunder,Andaman and Nicobar Islands,IN-AN,12.91375,92.8976,3.0,,
347140,IN-0289,Neil Island Heliport,heliport,no,Lakshmanpur,Andaman and Nicobar Islands,IN-AN,11.84177,93.01838,23.0,,
347138,IN-0287,Rangat Heliport,heliport,no,Rangat,Andaman and Nicobar Islands,IN-AN,12.50765,92.96071,20.0,,
347141,IN-0290,Ross Island Heliport,heliport,no,Port Blair,Andaman and Nicobar Islands,IN-AN,11.67722,92.76022,1.0,,
347146,IN-0295,Tarasa Dwip Island Heliport,heliport,no,Nancowry,Andaman and Nicobar Islands,IN-AN,8.30196,93.1247,60.0,,
340134,IN-0133,ABM Junior College Heliport,heliport,no,Ongole,Andhra Pradesh,IN-AP,15.49844,80.05503,,,
340130,IN-0129,Amaravati Heliport,heliport,no,Amaravati,Andhra Pradesh,IN-AP,16.54477,80.52135,,,
340127,IN-0126,Anaparthi Heliport,heliport,no,Anaparthi,Andhra Pradesh,IN-AP,16.94338,81.95439,,,
340012,IN-0113,Buragam Heliport,heliport,no,Buragam,Andhra Pradesh,IN-AP,18.73454,84.07501,,,
340014,IN-0115,GMR Institute of Technology Helipad,heliport,no,Razam,Andhra Pradesh,IN-AP,18.46648,83.66081,,,
340129,IN-0128,Guntur Police Parade Ground Heliport,heliport,no,Guntur,Andhra Pradesh,IN-AP,16.29632,80.4325,,,
340122,IN-0121,Jawaharlal Nehru Technological University Heliport,heliport,no,Kakinada,Andhra Pradesh,IN-AP,16.98158,82.23949,,,
340121,IN-0120,Kakinada Beach Navy Heliport,heliport,no,Kakinada,Andhra Pradesh,IN-AP,17.02268,82.29039,,,
341754,IN-0195,Kia Factory Helipad,heliport,no,Duddebanda,Andhra Pradesh,IN-AP,14.160405,77.625947,,,
341751,IN-0192,Kia Factory Heliport,heliport,no,Duddebanda,Andhra Pradesh,IN-AP,14.163568,77.616621,,,
340131,IN-0130,Krishnapatnam North Heliport,heliport,no,Nellore,Andhra Pradesh,IN-AP,14.27386,80.09823,,,
340132,IN-0131,Narayana Medical College Heliport,heliport,no,Nellore,Andhra Pradesh,IN-AP,14.43095,80.01121,,,
340135,IN-0134,Ongole Police Training College Heliport,heliport,no,Ongole,Andhra Pradesh,IN-AP,15.51774,80.02776,,,
340018,IN-0119,Oxygen Towers Helipad,heliport,no,Visakhapatnam,Andhra Pradesh,IN-AP,17.73999,83.31414,,,
340017,IN-0118,Rushikonda Beach Heliport,heliport,no,Visakhapatnam,Andhra Pradesh,IN-AP,17.77966,83.38549,,,
341748,IN-0189,SAP Camp Helipad,heliport,no,Kurnool,Andhra Pradesh,IN-AP,15.82762,78.022942,,,
340136,IN-0135,Sri City Heliport,heliport,no,Sri City,Andhra Pradesh,IN-AP,13.57462,80.03822,,,
340138,IN-0137,Sriharikota Heliport,heliport,no,Sriharikota,Andhra Pradesh,IN-AP,13.67567,80.19056,,,
340013,IN-0114,Srikakulam Heliport,heliport,no,Srikakulam,Andhra Pradesh,IN-AP,18.27207,83.90325,,,
341752,IN-0193,Sundipenta Helipiort,heliport,no,Sundipenta,Andhra Pradesh,IN-AP,16.06663,78.9142,,,
340015,IN-0116,Suvarnakuteer Phase II Helipad,heliport,no,Visakhapatnam,Andhra Pradesh,IN-AP,17.89855,83.26756,,,
340128,IN-0127,Tenali Market Heliport,heliport,no,Tenali,Andhra Pradesh,IN-AP,16.2431,80.63092,,,
429836,IN-0350,Boleng Heliport,heliport,no,Boleng,Arunachal Pradesh,IN-AR,28.31533,94.95583,,,
429833,IN-0347,Gelling Heliport,heliport,no,Gelling,Arunachal Pradesh,IN-AR,29.13306,94.97873,,,
301058,IN-0075,Itanagar (Naharlagun) Heliport,heliport,no,Itanagar,Arunachal Pradesh,IN-AR,27.111675,93.696106,,,
301059,IN-0076,Itanagar (Naharlagun) Heliport,heliport,no,Itanagar,Arunachal Pradesh,IN-AR,27.111675,93.696106,466.0,,
429835,IN-0349,Jengging Heliport,heliport,no,Jengging,Arunachal Pradesh,IN-AR,28.53862,95.06795,,,
429850,IN-0356,Miao Heliport,heliport,no,Miao,Arunachal Pradesh,IN-AR,27.492864,96.213954,,,
429851,IN-0357,Nalung Heliport,heliport,no,Nalung,Arunachal Pradesh,IN-AR,27.803726,95.999887,,,
429849,IN-0355,Nampong Heliport,heliport,no,Nampong,Arunachal Pradesh,IN-AR,27.300864,96.112883,,,
429842,IN-0354,Namsai Heliport,heliport,no,Namsai,Arunachal Pradesh,IN-AR,27.676474,95.853884,,,
429837,IN-0351,Pangin Heliport,heliport,no,Pangin,Arunachal Pradesh,IN-AR,28.20879,95.00239,,,
429852,IN-0358,Parsuram Kund Heliport,heliport,no,Parsuram Kund,Arunachal Pradesh,IN-AR,27.88058,96.35382,,,
429853,IN-0359,Roing Heliport,heliport,no,Roing,Arunachal Pradesh,IN-AR,28.14626,95.83937,,,
340559,IN-0180,Shoktsen Heliport,heliport,no,Shoktsen,Arunachal Pradesh,IN-AR,27.724741,91.703814,,,
35130,IN-0002,Tawang Air Force Station,heliport,no,Tawang,Arunachal Pradesh,IN-AR,27.588732,91.877439,8756.0,,
429834,IN-0348,Yingkiong Heliport,heliport,no,Yingkiong,Arunachal Pradesh,IN-AR,28.6393,95.0196,,,
429839,IN-0353,Deomali Heliport,heliport,no,Deomali,Assam,IN-AS,27.195513,95.467098,,,
46285,IN-0019,Dinjan Air Force Station,heliport,no,Muluk Gaon,Assam,IN-AS,27.544598,95.238011,376.0,,
429838,IN-0352,Duliajan Oil Heliport,heliport,no,Duliajan,Assam,IN-AS,27.36617,95.322951,,,
429855,IN-0361,Sivasagar Heliport,heliport,no,Rudra Sagar,Assam,IN-AS,26.95124,94.59869,,,
517082,IN-0371,Birpur Airstrip,heliport,no,Birpur,Bihar,IN-BR,26.509893,87.016609,273.0,,
597486,IN-0391,PRSU Heliport,heliport,no,Raipur,Chhattisgarh,IN-CT,21.248285,81.599843,944.0,,
341807,IN-0221,Daman Heliport,heliport,no,Marwad,Dadra and Nagar Haveli and Daman and Diu,IN-DH,20.433359,72.849382,,,
341814,IN-0228,Haveli Grounds Heliport,heliport,no,Silvassa,Dadra and Nagar Haveli and Daman and Diu,IN-DH,20.268076,72.984833,,,
341813,IN-0227,Saily Police Training School Heliport,heliport,no,Alok,Dadra and Nagar Haveli and Daman and Diu,IN-DH,20.252858,73.035821,,,
341776,IN-0209,Rohini Heliport,heliport,no,Rohini,Delhi,IN-DL,28.752659,77.058718,719.0,,
340175,IN-0171,Ella Heliport,heliport,no,Ella,Goa,IN-GA,15.5114,73.92381,,,
340177,IN-0173,Quitol Heliport,heliport,no,Quitol,Goa,IN-GA,15.13299,73.96594,,,
340173,IN-0169,Raj Bhavan Heliport,heliport,no,Dona Paula,Goa,IN-GA,15.45962,73.79463,,,
340174,IN-0170,Sequirem Heliport,heliport,no,Candolim,Goa,IN-GA,15.49526,73.77516,,,
340176,IN-0172,Vagator Helipad,heliport,no,Anjuna,Goa,IN-GA,15.59946,73.73368,,,
341802,IN-0216,Dholka Heliport,heliport,no,Dholka,Gujarat,IN-GJ,22.72097,72.459568,,,
340178,IN-0174,Dwarkadhish Heliport,heliport,no,Dwarka,Gujarat,IN-GJ,22.25044,68.95358,,,
340179,IN-0175,Dwarkashish Heliport,heliport,no,Dwarka,Gujarat,IN-GJ,22.25463,68.96182,,,
341803,IN-0217,Gujarat State Assembly Heliport,heliport,no,Gandhinagar,Gujarat,IN-GJ,23.217949,72.65901,,,
341804,IN-0218,Kalol Heliport,heliport,no,Kalol,Gujarat,IN-GJ,23.222579,72.498995,,,
341800,IN-0214,Koba Heliport,heliport,no,Gandhinagar,Gujarat,IN-GJ,23.146389,72.635223,,,
341808,IN-0222,MAA Foundation Helipad,heliport,no,Vapi,Gujarat,IN-GJ,20.403102,72.904262,,,
528562,IN-0377,Narendra Modi Stadium Heliport,heliport,no,Ahmedabad,Gujarat,IN-GJ,23.096266,72.60104,269.0,,
341798,IN-0212,SVP Hospital Helipad,heliport,no,Ahmedabad,Gujarat,IN-GJ,23.019684,72.571711,,,
341809,IN-0223,Sardar Patel Heliport,heliport,no,Halvad,Gujarat,IN-GJ,23.010427,71.229845,,,
341799,IN-0213,Sarkhej-Okaf Heliport,heliport,no,Sarkhej-Okaf,Gujarat,IN-GJ,23.0023,72.46914,,,
341801,IN-0215,TELAV Helipad,heliport,no,Gibpura,Gujarat,IN-GJ,22.985982,72.42063,,,
341805,IN-0219,United Phosphorus Helipad,heliport,no,Nahuli,Gujarat,IN-GJ,20.337466,72.899429,,,
355262,IN-0310,Chandimandir Helipad,heliport,no,Panchkula,Haryana,IN-HR,30.73473,76.88139,1410.0,,
571717,IN-0365,Hisar Heliport,heliport,no,Hisar,Haryana,IN-HR,29.11653,75.82027,757.0,,
355265,IN-0312,ICAT Helipad,heliport,no,Gurugram,Haryana,IN-HR,28.36925,76.87712,790.0,,
306913,IN-0082,Ajog Heliport,heliport,no,Ajog,Himachal Pradesh,IN-HP,32.921925,76.457747,7460.0,,
306912,IN-0081,Annadale Helipad,heliport,no,Shimla,Himachal Pradesh,IN-HP,31.111405,77.157015,6120.0,,
306915,IN-0083,Bilaspur Helipad,heliport,no,Bilaspur,Himachal Pradesh,IN-HP,31.34513889,76.75675,1685.0,,
356107,IN-0324,Bithal Heliport,heliport,no,Shimla,Himachal Pradesh,IN-HP,31.3534,77.49121,2874.0,,
356114,IN-0329,Chango Heliport,heliport,no,Chango,Himachal Pradesh,IN-HP,31.96923,78.59328,10630.0,,
356104,IN-0321,Jhakri SJVN Heliport,heliport,no,Shimla,Himachal Pradesh,IN-HP,31.4899,77.70754,4420.0,,
356110,IN-0326,Kalpa Heliport,heliport,no,Kalpa,Himachal Pradesh,IN-HP,31.5392,78.2723,7615.0,,
356115,IN-0330,Kaurik Heliport,heliport,no,Spiti,Himachal Pradesh,IN-HP,32.09448,78.67575,12231.0,,
356109,IN-0325,Kumharsain Heliport,heliport,no,Shimla,Himachal Pradesh,IN-HP,31.33025,77.44237,4475.0,,
356118,IN-0332,Nako Heliport,heliport,no,Nako,Himachal Pradesh,IN-HP,31.8861,78.62787,11826.0,,
356112,IN-0328,Pooh Heliport,heliport,no,Pooh,Himachal Pradesh,IN-HP,31.75225,78.57191,8781.0,,
356105,IN-0322,Rampur Bushahr Heliport,heliport,no,Shimla,Himachal Pradesh,IN-HP,31.41727,77.62826,4111.0,,
356111,IN-0327,Rukling Heliport,heliport,no,Morang,Himachal Pradesh,IN-HP,31.6015,78.43633,8081.0,,
356106,IN-0323,Tharu Heliport,heliport,no,Shimla,Himachal Pradesh,IN-HP,31.3337,77.55919,6943.0,,
341819,IN-0232,ACC&S Heliport,heliport,no,Ahmednagar,IN-MM,IN-MM,19.084887,74.777932,,,
341817,IN-0230,Ahmednagar Police Heliport,heliport,no,Ahmednagar,IN-MM,IN-MM,19.100453,74.73498,,,
341915,IN-0259,BKT Heliport,heliport,no,Narayannagar,IN-MM,IN-MM,17.971592,73.043761,,,
341913,IN-0257,Bhokardan Heliport,heliport,no,Bhokardan,IN-MM,IN-MM,20.234464,75.768429,,,
46569,IN-0046,Butcher Island Helipad,heliport,no,Mumbai,IN-MM,IN-MM,18.9623,72.90308333,,,
341816,IN-0229,CQAV Heliport,heliport,no,Ahmednagar,IN-MM,IN-MM,19.11263,74.740041,,,
341818,IN-0231,DMR Area Heliport,heliport,no,Ahmednagar,IN-MM,IN-MM,19.070711,74.787925,,,
355266,IN-0313,EON Helipad,heliport,no,Pune,IN-MM,IN-MM,18.545464,73.96432,1774.0,,
555870,IN-0378,Gandhinagar Heliport,heliport,no,Nashik,IN-MM,IN-MM,19.965882,73.809096,,,
555871,IN-0379,Gandhinagar Heliport,heliport,no,Nashik,IN-MM,IN-MM,19.965882,73.809096,,,
508627,IN-0366,Jain Irrigations Helipad,heliport,no,Jalgoan,IN-MM,IN-MM,20.945389,75.551255,840.0,,
341806,IN-0220,Kawade Heliport,heliport,no,Kawade,IN-MM,IN-MM,20.114043,72.88384,,,
46377,IN-0022,Kunjali Helipad,heliport,no,Mimbai,IN-MM,IN-MM,18.89527337,72.80849397,,,
341820,IN-0233,MIRC Heliport,heliport,no,Wakodi,IN-MM,IN-MM,19.05024,74.767188,,,
46570,IN-0047,Mahalaxmi Race Course Helipad,heliport,no,Mumbai,IN-MM,IN-MM,18.98203333,72.82156667,,,
341712,IN-0184,Mozari Point Helipad,heliport,no,Chikhaldara,IN-MM,IN-MM,21.391405,77.321496,,,
341812,IN-0226,Mumbai University Heliport,heliport,no,Mumbai,IN-MM,IN-MM,19.066998,72.856918,,,
46571,IN-0048,Rajbhavan Helipad,heliport,no,Mumbai,IN-MM,IN-MM,18.94265,72.794017,,,
341810,IN-0224,Reliance Corporate Park Heliport,heliport,no,Navi Mumbai,IN-MM,IN-MM,19.130282,73.011801,,,
341811,IN-0225,Reliance Corporate Park North Heliport,heliport,no,Navi Mumbai,IN-MM,IN-MM,19.132914,73.01128,,,
341912,IN-0256,Shegaon Heliport,heliport,no,Shegaon,IN-MM,IN-MM,20.779141,76.692378,,,
46376,IN-0021,Shikra Naval Helibase,heliport,no,Mumbai,IN-MM,IN-MM,18.91334568,72.82921135,,,
341745,IN-0187,Adilabad Heliport,heliport,no,Adilabad,IN-TG,IN-TG,19.662494,78.548462,,,
341756,IN-0197,Defence Research and Development Organization Helipad,heliport,no,Hyderabad,IN-TG,IN-TG,17.335419,78.498922,,,
341760,IN-0201,Karimnagar Heliport,heliport,no,Karimnagar,IN-TG,IN-TG,18.429549,79.125341,,,
341744,IN-0186,Shanti Nagar Heliport,heliport,no,Adilabad,IN-TG,IN-TG,19.662823,78.538564,,,
598623,IN-0394,Clement Town Heliport,heliport,no,Clement Town,IN-UT,IN-UT,30.259615,78.01434,1965.0,,
526897,HU-0072,Helipad,heliport,no,Kedareshwar,IN-UT,IN-UT,29.946754,79.903173,,,
356120,IN-0333,Judi Heliport,heliport,no,Mukhem Renge,IN-UT,IN-UT,30.57862,78.45075,7232.0,,
595309,IN-0383,Nilgrar Heliport,heliport,no,Sonamarg,Jammu and Kashmir,IN-JK,34.28701,75.32843,8953.0,,
595312,IN-0386,Pahalgam Heliport,heliport,no,Pahalgam,Jammu and Kashmir,IN-JK,34.01434,75.31333,6982.0,,
595311,IN-0385,Sonamarg (Namrose Resorts) Heliport,heliport,no,Sonamarg,Jammu and Kashmir,IN-JK,34.30778,75.27828,8694.0,,
595310,IN-0384,Sonamarg Heliport,heliport,no,Sonamarg,Jammu and Kashmir,IN-JK,34.30261,75.28678,8776.0,,
341746,IN-0188,Dimna Lake Helipad,heliport,no,Jamshedpur,Jharkhand,IN-JH,22.861472,86.241374,,,
317981,IN-0098,Maithon Heliport,heliport,no,Maithon,Jharkhand,IN-JH,23.785,86.7935,529.0,,
340168,IN-0164,Adiudupi Heliport,heliport,no,Adiudupi,Karnataka,IN-KA,13.3488,74.73095,,,
340171,IN-0167,Areshiroor Helipad,heliport,no,Areshiroor,Karnataka,IN-KA,13.82919,74.74877,,,
341757,IN-0198,Bagalkot Heliport,heliport,no,Bagalkot,Karnataka,IN-KA,16.167272,75.671748,,,
341762,IN-0203,Chikodi Helipad,heliport,no,Belgaum,Karnataka,IN-KA,16.427864,74.555727,,,
341753,IN-0194,Davanagere Heliport,heliport,no,Davanagere,Karnataka,IN-KA,14.444823,75.923356,,,
301043,IN-0071,Gadag Government Estate Heliport,heliport,no,Gadag,Karnataka,IN-KA,15.419947,75.611361,,,
341750,IN-0191,Gulbarga Heliport,heliport,no,Gulbarga,Karnataka,IN-KA,17.326028,76.843368,,,
341763,IN-0204,Hadagali Helipad,heliport,no,Hadagali,Karnataka,IN-KA,15.025368,75.973912,,,
355261,IN-0309,HeliTaxii Heliport,heliport,no,Bengaluru,Karnataka,IN-KA,12.84305,77.668188,3005.0,,
340172,IN-0168,INS Kadamba Heliport,heliport,no,Arga,Karnataka,IN-KA,14.76987,74.15487,,,
341759,IN-0200,Infosys Heliport,heliport,no,Bengaluru,Karnataka,IN-KA,12.849384,77.661706,,,
340169,IN-0165,Koteshwara Heliport,heliport,no,Koteshwara,Karnataka,IN-KA,13.59634,74.71365,,,
341749,IN-0190,Manjunath Huded Helipad,heliport,no,Basavana Durga,Karnataka,IN-KA,15.36992,76.504243,,,
340170,IN-0166,Mavalli Helipad,heliport,no,Mavalli,Karnataka,IN-KA,14.10027,74.50855,,,
341755,IN-0196,NTPC Kudgi Helipad,heliport,no,Telgi,Karnataka,IN-KA,16.491748,75.833551,,,
341761,IN-0202,Oterra Hotel Helipad,heliport,no,Bengaluru,Karnataka,IN-KA,12.850085,77.660633,,,
341758,IN-0199,Sagar Helipad,heliport,no,Sampalli,Karnataka,IN-KA,14.157544,75.00186,,,
340154,IN-0152,Alappuzha Heliport,heliport,no,Alappuzha,Kerala,IN-KL,9.49414,76.31942,20.0,,
341979,IN-0268,Amrita Heliport,heliport,no,Ernakulam,Kerala,IN-KL,10.0366,76.2996,20.0,,
430015,IN-0362,Anachal Heliport / Southern Skies Balloonport,heliport,no,Anachal,Kerala,IN-KL,10.02322,77.03309,3035.0,,
340153,IN-0151,Ashramam Heliport,heliport,no,Kollam,Kerala,IN-KL,8.89486,76.59155,,,
341986,IN-0275,Aster Hospital Helipad,heliport,no,Kochi,Kerala,IN-KL,10.0445,76.2767,14.0,,
341982,IN-0271,Ayiranalloor Heliport,heliport,no,Ayiranalloor,Kerala,IN-KL,8.9858,76.9729,586.0,,
341980,IN-0269,Bolgatty / Lulu Grand Hyatt Heliport,heliport,no,Ernakulam,Kerala,IN-KL,9.9899,76.264,1.0,,
341972,IN-0261,Chethy Beach Helipad,heliport,no,Mararikkulam North,Kerala,IN-KL,9.624,76.2966,13.0,,
341983,IN-0272,Chipsan-Orange Hills Heliport,heliport,no,Pathumury,Kerala,IN-KL,9.6348,77.1308,3754.0,,
341973,IN-0262,Devaswam Board Pampa College Helipad,heliport,no,Nirmalapuram,Kerala,IN-KL,9.3235,76.5354,16.0,,
597482,IN-0389,INS Dronacharya Heliport,heliport,no,Kochi,Kerala,IN-KL,9.952137,76.239602,15.0,,
340156,IN-0153,Indian Naval Academy Heliport,heliport,no,Ezhimala,Kerala,IN-KL,12.0376,75.19671,,,
341981,IN-0270,Jatayu-Chipsan Aviation Heliport,heliport,no,Kollam,Kerala,IN-KL,8.8634,76.8661,478.0,,
341976,IN-0265,KSEB Heliport,heliport,no,Moolamattom,Kerala,IN-KL,9.7855,76.8503,515.0,,
341975,IN-0264,Kottayam Police Heliport,heliport,no,Kottayam,Kerala,IN-KL,9.5911,76.5337,128.0,,
341777,IN-0210,Kuttanellur Heliport,heliport,no,Thrissur,Kerala,IN-KL,10.501753,76.254586,,,
315328,IN-0095,Kuttikayam Helipad,heliport,no,Mampara,Kerala,IN-KL,9.3539,76.86489,207.0,,
341977,IN-0266,Lakeshore Hospital Helipad,heliport,no,Ernakulam,Kerala,IN-KL,9.9188,76.319,,,
341974,IN-0263,Manjinikkara Helipad,heliport,no,Pathanamthitta,Kerala,IN-KL,9.2481,76.7469,55.0,,
341985,IN-0274,Ottakathatla Helipad,heliport,no,Chakkuppallam,Kerala,IN-KL,9.6367,77.1545,3996.0,,
341984,IN-0273,Prakrithisakthi Helipad,heliport,no,Panchalimedu,Kerala,IN-KL,9.5293,76.9786,2726.0,,
341978,IN-0267,Sabarimala Nilakkal Heliport,heliport,no,Perunad,Kerala,IN-KL,9.3863,77.0102,1270.0,,
340152,IN-0150,Varkala Helipad,heliport,no,Varkala,Kerala,IN-KL,8.73564,76.70461,,,
595421,IN-0388,Army Hospital Leh Heliport,heliport,no,Leh,Ladakh,IN-LA,34.1608,77.56775,11293.0,,
356025,IN-0318,Chumathang Heliport,heliport,no,Chumathang,Ladakh,IN-LA,33.36284,78.31326,13402.0,,
350878,IN-0303,Kargil Heliport,heliport,no,Kargil,Ladakh,IN-LA,34.5577,76.13505,9154.0,,
356026,IN-0319,Karu Heliport,heliport,no,Karu,Ladakh,IN-LA,33.91257,77.74465,10961.0,,
350881,IN-0306,Khalatse Zerthang Heliport,heliport,no,Khalatse,Ladakh,IN-LA,34.31879,76.90241,9829.0,,
356116,IN-0331,Khuldo Heliport,heliport,no,Khuldo,Ladakh,IN-LA,32.77295,78.98563,13980.0,,
356024,IN-0317,Kiari Heliport,heliport,no,Kiari,Ladakh,IN-LA,33.47621,78.12866,12641.0,,
42717,IN-0004,Leh Heliport,heliport,no,Leh,Ladakh,IN-LA,34.129295,77.537205,10682.0,,
342200,IN-0282,Man Heliport,heliport,no,Man,Ladakh,IN-LA,33.85732,78.52398,14127.0,,
350879,IN-0304,Nimmoo Basgo Hydroelectric Plant Heliport,heliport,no,Khaltsi,Ladakh,IN-LA,34.211296,77.185811,10289.0,,
350880,IN-0305,Nimmoo Heliport,heliport,no,Nimmoo,Ladakh,IN-LA,34.19983,77.31903,10253.0,,
342196,IN-0278,Nyoma Heliport,heliport,no,Nyoma,Ladakh,IN-LA,33.193,78.6417,13594.0,,
35129,IN-0001,Siachen Base Camp Heliport,heliport,no,Nubra,Ladakh,IN-LA,35.194275,77.213051,11693.0,,
595420,IN-0387,Sindhu Ghat Heliport,heliport,no,Shey,Ladakh,IN-LA,34.082472,77.61225,10581.0,,
342199,IN-0281,Surtok Heliport,heliport,no,Surtok,Ladakh,IN-LA,33.966779,78.418908,13944.0,,
342198,IN-0280,Tangtse Heliport,heliport,no,Tangtse,Ladakh,IN-LA,34.06786,78.13719,12851.0,,
356027,IN-0320,Upshi Heliport,heliport,no,Upshi,Ladakh,IN-LA,33.82395,77.82194,11187.0,,
340162,IN-0159,Amini Helipad,heliport,no,Amini,Lakshadweep,IN-LD,11.13496,72.73172,,,
340165,IN-0161,Andrott Heliport,heliport,no,Andrott,Lakshadweep,IN-LD,10.81316,73.69946,,,
340163,IN-0160,Bangaram Heliport,heliport,no,Bangaram,Lakshadweep,IN-LD,10.94592,72.28765,,,
340160,IN-0157,Bitra Heliport,heliport,no,Bitra,Lakshadweep,IN-LD,11.60039,72.18541,,,
340159,IN-0156,Chetlat Heliport,heliport,no,Chetlat,Lakshadweep,IN-LD,11.68159,72.70606,,,
340161,IN-0158,Kadmat Heliport,heliport,no,Kadmat,Lakshadweep,IN-LD,11.18231,72.76175,,,
340157,IN-0154,Kalpeni Heliport,heliport,no,Kalpeni,Lakshadweep,IN-LD,10.089713,73.648893,,,
42729,IN-0008,Kavaratti Helipad,heliport,no,,Lakshadweep,IN-LD,10.54166794,72.61604309,,,
340158,IN-0155,Kiltan Heliport,heliport,no,Kiltan,Lakshadweep,IN-LD,11.496,72.99814,,,
340167,IN-0163,Minicoy Fire Station Heliport,heliport,no,Minicoy,Lakshadweep,IN-LD,8.27937,73.05178,,,
42724,IN-0007,Minicoy Heliport,heliport,no,Minicoy,Lakshadweep,IN-LD,8.27363,73.022301,,,
340166,IN-0162,Suheli Par Heliport,heliport,no,Suheli Par,Lakshadweep,IN-LD,10.04794,72.28857,,,
341914,IN-0258,ACC Heliport,heliport,no,Lalbarra,Madhya Pradesh,IN-MP,21.940413,80.047809,,,
341711,IN-0183,Bhainsdehi Helipad,heliport,no,Bhainsdehi,Madhya Pradesh,IN-MP,21.645885,77.623711,,,
46568,IN-0045,Catholic Medical Centre Helipad,heliport,no,Kangla,Manipur,IN-MN,24.8062,93.94275,,,
46566,IN-0043,STC BSF Indian Army Helipad,heliport,no,Gangpimual,Manipur,IN-MN,24.3267,93.67546667,,,
46564,IN-0041,HQ Eastern Air Command Helipad,heliport,no,Myliem,Meghalaya,IN-ML,25.53818333,91.82655,,,
46565,IN-0042,Shillong Indian Army Helipad,heliport,no,Shillong,Meghalaya,IN-ML,25.54425,91.88171667,,,
341846,IN-0244,Champhai Heliport,heliport,no,Champhai,Mizoram,IN-MZ,23.469998,93.34356,,,
341843,IN-0241,Darlawn Chhimveng Heliport,heliport,no,Darlawn,Mizoram,IN-MZ,24.010327,92.148375,,,
341840,IN-0238,Kawnpui Helipad,heliport,no,Kawnpui,Mizoram,IN-MZ,24.046672,92.671347,,,
341839,IN-0237,Kawrtethawveng Heliport,heliport,no,Kawrtethawveng,Mizoram,IN-MZ,23.873867,92.372788,,,
341838,IN-0236,Luangpawl Heliport,heliport,no,Mamit,Mizoram,IN-MZ,23.894013,92.497234,,,
341836,IN-0234,Mizoram University Heliport,heliport,no,Aizawl,Mizoram,IN-MZ,23.732843,92.65553,,,
341837,IN-0235,Mualpui Helipot,heliport,no,Aizawl,Mizoram,IN-MZ,23.715285,92.736057,,,
339986,IN-0103,Parva Helipad,heliport,no,Parva Ii,Mizoram,IN-MZ,22.08627,92.64987,,,
46551,IN-0028,Pukpui Helipad,heliport,no,,Mizoram,IN-MZ,22.94226667,92.76885,,,
46555,IN-0032,Saiha Helipad,heliport,yes,Saiha,Mizoram,IN-MZ,22.48858333,92.98695,,,
341842,IN-0240,Saitual Heliport,heliport,no,Saitual,Mizoram,IN-MZ,23.693488,92.978364,,,
46553,IN-0030,Serchhip Helipad,heliport,no,Serchhip,Mizoram,IN-MZ,23.32875,92.85606667,,,
46552,IN-0029,Sethlun Heliport,heliport,no,Lunglei,Mizoram,IN-MZ,22.868383,92.7633,,,
341841,IN-0239,Sialsuk Heliport,heliport,no,Sialsuk,Mizoram,IN-MZ,23.394918,92.753586,,,
341845,IN-0243,Suangpuilawn Heliport,heliport,no,Suangpuilawn,Mizoram,IN-MZ,23.94864,93.032695,,,
46550,IN-0027,Thuampui Helipad,heliport,no,Aizawl,Mizoram,IN-MZ,23.745644,92.736828,3214.0,,
341844,IN-0242,Tuipuibari Heliport,heliport,no,Tuipuibari,Mizoram,IN-MZ,23.71351,92.327704,,,
46554,IN-0031,Vairengte Helipad,heliport,no,,Mizoram,IN-MZ,24.47891667,92.75393333,,,
46572,IN-0049,Kohima Helipad,heliport,no,Kohima,Nagaland,IN-NL,25.66306667,94.11393333,,,
356131,IN-0337,Bamnipal Heliport,heliport,no,Bamnipal,Odisha,IN-OR,21.12157,85.92059,316.0,,
340016,IN-0117,HAL Heliport,heliport,no,Sunabeda,Odisha,IN-OR,18.7365,82.83861,,,
356128,IN-0334,Jindal Heliport,heliport,no,Gadapur,Odisha,IN-OR,20.96598,86.04235,207.0,,
356133,IN-0339,NOCCi Business Park Heliport,heliport,no,Balasore,Odisha,IN-OR,21.495281,86.883622,62.0,,
340007,IN-0109,Naraj Heliport,heliport,no,Narajmarthapur,Odisha,IN-OR,20.48082,85.77965,,,
340008,IN-0110,Puri Heliport,heliport,no,Puri,Odisha,IN-OR,19.81035,85.84752,,,
356130,IN-0336,Tata Steel Bamnipal Heliport,heliport,no,Bamnipal,Odisha,IN-OR,21.12438,85.92252,289.0,,
356129,IN-0335,Tata Steel Gadapur Heliport,heliport,no,Gadapur,Odisha,IN-OR,20.96803,86.03998,201.0,,
340011,IN-0112,Tata Steel Helipad,heliport,no,Sindhigan,Odisha,IN-OR,19.33095,84.91073,,,
340123,IN-0122,Dhirubhai Ambani Heliport,heliport,no,Gadimoga,Puducherry,IN-PY,16.74354,82.29191,,,
340144,IN-0143,MARG Heliport,heliport,no,Karaikal,Puducherry,IN-PY,10.83343,79.84245,,,
340126,IN-0125,Pondicherry Harbour Heliport,heliport,no,Puducherry (Pondicherry),Puducherry,IN-PY,11.91806,79.82697,,,
340125,IN-0124,Pondicherry Heliport,heliport,no,Puducherry (Pondicherry),Puducherry,IN-PY,11.9631,79.81498,,,
340124,IN-0123,Yanam Heliport,heliport,no,Yanam,Puducherry,IN-PY,16.7261,82.20674,,,
341667,IN-0182,Abohar Heliport,heliport,no,Abohar,Punjab,IN-PB,30.16081,74.1768,,,
517157,IN-0372,Fazilka Heliport,heliport,no,Fazilka,Punjab,IN-PB,30.394823,74.054244,586.0,,
571743,IN-0380,Mehna Heliport,heliport,no,Bhatinda,Punjab,IN-PB,30.233786,75.008798,676.0,,
46567,IN-0044,PAP Complex Heliport,heliport,no,Jalandhar,Punjab,IN-PB,31.29208333,75.6072,766.0,,
341666,IN-0181,Sito Gunno Helipad,heliport,no,Sito Gunno,Punjab,IN-PB,30.02882,74.36395,,,
341891,IN-0250,Central University of Rajasthan Heliport,heliport,no,Bandar Seendri,Rajasthan,IN-RJ,26.628069,75.028541,,,
341886,IN-0245,Ghooghra Heliport Ajmer,heliport,no,Ghooghra,Rajasthan,IN-RJ,26.509349,74.704718,,,
341888,IN-0247,Kishanpura Goyla Heliport,heliport,no,Kishanpura Goyla,Rajasthan,IN-RJ,26.476022,74.519229,,,
46573,IN-0050,Phalodi Airfield,heliport,no,Phalodi,Rajasthan,IN-RJ,27.11283333,72.389,,,
355263,IN-0311,Pilani Helipad,heliport,no,Pilani,Rajasthan,IN-RJ,28.349677,75.591104,974.0,,
341887,IN-0246,Pushkar Heliport,heliport,no,Pushkar,Rajasthan,IN-RJ,26.485927,74.543235,,,
341890,IN-0249,Pushkar Hotel Heliport,heliport,no,Kishanpura Goyla,Rajasthan,IN-RJ,26.479509,74.518667,,,
341889,IN-0248,Tiloniya Heliport,heliport,no,Tiloniya,Rajasthan,IN-RJ,26.646926,74.938877,,,
340557,IN-0179,Dalapchand Heliport,heliport,no,Aritar,Sikkim,IN-SK,27.193387,88.675583,,,
42730,IN-0009,Gangtok Helipad,heliport,no,Gangtok,Sikkim,IN-SK,27.355736,88.614156,,,
46560,IN-0037,Namchi Helipad,heliport,no,Nayabazar,Sikkim,IN-SK,27.156733,88.322067,,,
46563,IN-0040,Pedong Helipad,heliport,no,Pedong,Sikkim,IN-SK,27.15593333,88.61065,,,
46559,IN-0036,Pelling Helipad,heliport,no,Pelling City,Sikkim,IN-SK,27.3005,88.23085,,,
46561,IN-0038,Upper Tadong Indian Army Helipad,heliport,no,Upper Tadong,Sikkim,IN-SK,27.30671667,88.59965,,,
340143,IN-0142,AVC Polytechnic College Heliport,heliport,no,Mannampandal,Tamil Nadu,IN-TN,11.103012,79.692989,,,
340137,IN-0136,Air 16 Heliport,heliport,no,Chedilpakkam,Tamil Nadu,IN-TN,13.4375,79.97665,,,
340142,IN-0141,Anna Stadium Heliport,heliport,no,Cuddalore,Tamil Nadu,IN-TN,11.75417,79.76703,,,
341970,IN-0260,Chennai Military Hospital Helipad,heliport,no,Chennai,Tamil Nadu,IN-TN,13.0196,80.1976,52.0,,
340140,IN-0139,Chettinad Health City Helipad,heliport,no,Kelambakkam,Tamil Nadu,IN-TN,12.79598,80.22006,,,
340141,IN-0140,ECR Heliport,heliport,no,Kunnakkadu,Tamil Nadu,IN-TN,12.77042,80.24574,,,
355267,IN-0314,Ganga Helipad,heliport,no,Coimbatore,Tamil Nadu,IN-TN,11.09489,76.95603,1417.0,,
549731,IN-0375,INS Adyar Heliport,heliport,no,Chennai,Tamil Nadu,IN-TN,13.073189,80.290046,32.0,,
340149,IN-0147,INS Parundu Heliport,heliport,no,Mandapam,Tamil Nadu,IN-TN,9.28061,79.13578,,,
340151,IN-0149,Kanyakumari Heliport,heliport,no,Kanyakumari,Tamil Nadu,IN-TN,8.07972,77.54877,,,
340145,IN-0144,Nagapattinam Heliport,heliport,no,Nagapattinam,Tamil Nadu,IN-TN,10.78938,79.83942,,,
340150,IN-0148,Ramanathapuram Heliport,heliport,no,Ramanathapuram,Tamil Nadu,IN-TN,9.36241,78.85934,,,
340139,IN-0138,Vallur Camp Heliport,heliport,no,Minjur,Tamil Nadu,IN-TN,13.2556,80.27623,,,
341767,IN-0205,Kakraban Heliport,heliport,no,Kakraban,Tripura,IN-TR,23.477405,91.413509,,,
341769,IN-0207,Paschim Jalefa Heliport,heliport,no,Paschim Jalefa,Tripura,IN-TR,23.026273,91.706276,,,
341768,IN-0206,Udaipur Helipad,heliport,no,Radhakishorepur,Tripura,IN-TR,23.56406,91.470621,,,
341775,IN-0208,Agra Heliport,heliport,no,Hingot Kheria,Uttar Pradesh,IN-UP,27.15727,78.117582,,,
46574,IN-0051,Aviation Research Centre RAW Headquarters Helipad,heliport,no,Chakrata,Uttar Pradesh,IN-UP,30.706042,77.861524,7234.0,,
341902,IN-0255,Fertilizer Colony Helipad,heliport,no,Gorakhpur,Uttar Pradesh,IN-UP,26.82455,83.376899,,,
341898,IN-0251,HAL Heliport,heliport,no,Korwa,Uttar Pradesh,IN-UP,26.21757,81.817293,,,
341778,IN-0211,Jaypee Greens Helipad,heliport,no,Greater Noida,Uttar Pradesh,IN-UP,28.46595,77.523169,,,
341900,IN-0253,MMMUT Heliport,heliport,no,Gorakhpur,Uttar Pradesh,IN-UP,26.731111,83.435293,,,
46575,IN-0052,Mathura Heliport,heliport,no,Mathura,Uttar Pradesh,IN-UP,27.46423333,77.68241667,,,
341899,IN-0252,Mau Heliport,heliport,no,Mau,Uttar Pradesh,IN-UP,25.913982,83.561476,,,
341901,IN-0254,Prayagraj Army Helipad,heliport,no,Prayagraj,Uttar Pradesh,IN-UP,25.486483,81.850521,,,
355268,IN-0315,RPSCL Private Helipad,heliport,no,Shahjahanpur,Uttar Pradesh,IN-UP,27.83428,79.92742,501.0,,
355270,IN-0316,Varanasi Police Line Helipad,heliport,no,Varanasi,Uttar Pradesh,IN-UP,25.34819,82.98752,255.0,,
340006,IN-0108,Digha Heliport,heliport,no,Digha,West Bengal,IN-WB,21.62606,87.501056,16.0,,
340556,IN-0178,Jaigaon Heliport,heliport,no,Jaigaon,West Bengal,IN-WB,26.822651,89.391989,,,
340004,IN-0104,Kalyani BSF Helipad,heliport,no,Petrapole,West Bengal,IN-WB,23.02589,88.87582,,,
46562,IN-0039,Lebong Helipad,heliport,no,Lebong,West Bengal,IN-WB,27.05908333,88.27773333,,,
46558,IN-0035,Sevoke Road Indian Army Heliport,heliport,no,Salugara,West Bengal,IN-WB,26.7744,88.45231667,472.0,,
340147,IN-0145,Badangi Airstrip,closed,no,Badangi,Andhra Pradesh,IN-AP,18.4884,83.3829,,,
32589,IN-0381,Dunakonda Airport,closed,no,Dunakonda,Andhra Pradesh,IN-AP,15.8063,79.4882,472.0,,
340133,IN-0132,Nellore Airport,closed,no,Dagadarthi,Andhra Pradesh,IN-AP,14.69388,79.94277,,,
340148,IN-0146,Tadepalligudem Airstrip,closed,no,Tadepalligudem,Andhra Pradesh,IN-AP,16.83321,81.53099,,,
46282,IN-0016,Ledo Airfield,closed,no,Ledo,Assam,IN-AS,27.302441,95.737031,,,
46608,IN-0056,Kalyan Airstrip,closed,no,Kalyan,IN-MM,IN-MM,19.17922,73.139184,,,
341743,IN-0185,Adilabad Airfield,closed,no,Adilabad,IN-TG,IN-TG,19.664765,78.549511,,,
508629,IN-0368,Jabua Airstrip,closed,no,Kundla,Madhya Pradesh,IN-MP,22.780522,74.561697,1200.0,,
44475,IN-0014,Koirengei Airstrip,closed,no,,Manipur,IN-MN,24.87245941,93.92568207,,,
356134,IN-0340,Bhograi Heliport,closed,no,Bhograi,Odisha,IN-OR,21.68382,87.41512,29.0,,
46609,IN-0057,Rasgovindpur Airstrip,closed,no,Rasgovindpur,Odisha,IN-OR,21.80508952,87.04690933,,,
311049,IN-0092,Sukinda Airstrip,closed,no,Kaliapani,Odisha,IN-OR,21.031944,85.753889,400.0,,
312280,IN-0094,no airport,closed,no,,Odisha,IN-OR,20.46668667,83.48333056,,,
308280,IN-0084,Salwas,closed,no,,Rajasthan,IN-RJ,26.141647,73.097062,,,
42722,IN-0006,Chettinad Airstrip,closed,no,Kanadukathan,Tamil Nadu,IN-TN,10.164996,78.79377,,,
46628,IN-0063,Cholavaram Airstrip,closed,no,Sembilivaram,Tamil Nadu,IN-TN,13.210242,80.152345,,,
42721,IN-0005,Kayathar Airstrip,closed,no,Ahilandapuram,Tamil Nadu,IN-TN,8.970609,77.816847,,,
46287,IN-0020,Ulundurpet Airstrip,closed,no,Villupuram,Tamil Nadu,IN-TN,11.688549,79.321375,,,
429739,IN-0344,Naini Airfield,closed,no,Iradatjanj,Uttar Pradesh,IN-UP,25.32424,81.84179,,,
518553,IN-0374,RIAF Phaphamau,closed,no,Phaphamau,Uttar Pradesh,IN-UP,25.545166,81.88199,335.0,,
340005,IN-0105,Ashoknagar Airfield,closed,no,Ashoknagar,West Bengal,IN-WB,22.83809,88.61521,,,
302122,IN-0078,Bishnupur Airfield,closed,no,,West Bengal,IN-WB,23.03392669,87.35486984,,,
46606,IN-0054,Charra Airfield,closed,no,Purulia,West Bengal,IN-WB,23.36577729,86.43673897,,,
46610,IN-0058,Dhubulia Airstrip,closed,no,Dhubulia,West Bengal,IN-WB,23.49298469,88.45401764,,,
46611,IN-0059,Digri Airstrip,closed,no,Digri,West Bengal,IN-WB,22.78544033,87.36225128,,,
46283,IN-0017,Dudhkundi Airfield,closed,no,,West Bengal,IN-WB,22.32459157,87.10741997,,,
302134,IN-0079,Guskhara Airfield,closed,no,,West Bengal,IN-WB,23.471667,87.794167,,,
46607,IN-0055,Kanchrapara Airfield,closed,no,Kanchrapara,West Bengal,IN-WB,22.92293299,88.45992923,,,
302135,IN-0080,Pandaveswar Airfield,closed,no,,West Bengal,IN-WB,23.64130052,87.34869003,,,
46284,IN-0018,Piardoba Airfield,closed,no,,West Bengal,IN-WB,22.98950855,87.29959488,,,
